RAM,Storage,Battery,ScreenSize,Camera,ProcessorScore,Price
4,64,4000,6.1,12,450,14999
4,128,4500,6.2,16,500,17999
6,128,4500,6.4,48,600,21999
6,128,5000,6.5,50,650,23999
8,128,5000,6.5,50,700,26999
8,256,5000,6.6,64,750,29999
8,256,5200,6.7,64,800,32999
12,256,5000,6.7,108,850,39999
12,512,5500,6.8,108,900,49999
16,512,6000,6.8,200,950,64999
4,64,4500,6.0,13,480,15999
6,128,4800,6.4,48,620,22999
8,256,5000,6.6,50,730,28999
12,256,5200,6.7,108,870,41999
16,512,6000,6.9,200,980,69999
4,128,5000,6.3,16,520,18999
6,256,5000,6.5,50,680,24999
8,128,4500,6.4,64,710,25999
12,512,5500,6.8,108,920,52999
16,512,6000,6.9,200,990,74999
